zip_code,zcta,county_geoid,county_label,cbsa_code,cbsa_label,state,climate_region,urbanicity,urbanicity_short,allocation_ratio,match_type,uncertainty_note,source_version,latitude,longitude
19104,19104,42101,Philadelphia County,37980,"Philadelphia-Camden-Wilmington, PA-NJ-DE-MD",PA,Mixed-Humid,higher density urban,HDU,1.000,ZIP-to-ZCTA demonstration record,"Single curated demonstration mapping. Refresh from a documented HUD-USPS ZIP crosswalk before national use.","HUD-USPS-compatible demonstration subset curated 2026-06-02",39.9612,-75.1995
10001,10001,36061,New York County,35620,"New York-Northern New Jersey-Long Island, NY-NJ-PA",NY,Cold & Very Cold,higher density urban,HDU,1.000,ZIP-to-ZCTA demonstration record,"Single curated demonstration mapping. ZIP delivery areas and Census ZCTAs are related but not interchangeable.","HUD-USPS-compatible demonstration subset curated 2026-06-02",40.7506,-73.9972
02108,02108,25025,Suffolk County,14460,"Boston-Cambridge-Quincy, MA-NH",MA,Cold & Very Cold,higher density urban,HDU,1.000,ZIP-to-ZCTA demonstration record,"Leading-zero identifier retained. Refresh the crosswalk before analytical use.","HUD-USPS-compatible demonstration subset curated 2026-06-02",42.3572,-71.0640
80202,80202,08031,Denver County,19740,"Denver-Aurora-Broomfield, CO",CO,Cold & Very Cold,lower density urban,LDU,1.000,ZIP-to-ZCTA demonstration record,"Single curated demonstration mapping. Review quarterly HUD-USPS ratios for one-to-many ZIP mappings.","HUD-USPS-compatible demonstration subset curated 2026-06-02",39.7526,-104.9992
33130,33130,12086,Miami-Dade County,33100,"Miami-Fort Lauderdale-West Palm Beach, FL",FL,Hot-Humid,higher density urban,HDU,1.000,ZIP-to-ZCTA demonstration record,"Single curated demonstration mapping. Refresh the crosswalk before analytical use.","HUD-USPS-compatible demonstration subset curated 2026-06-02",25.7687,-80.2053
90012,90012,06037,Los Angeles County,31100,"Los Angeles-Long Beach-Santa Ana, CA",CA,Hot-Dry & Mixed Dry,higher density urban,HDU,1.000,ZIP-to-ZCTA demonstration record,"Single curated demonstration mapping. Refresh the crosswalk before analytical use.","HUD-USPS-compatible demonstration subset curated 2026-06-02",34.0614,-118.2385
95501,95501,06023,Humboldt County,21700,"Eureka-Arcata-Fortuna, CA",CA,Marine,suburban/small town,Suburban,1.000,ZIP-to-ZCTA demonstration record,"Single curated demonstration mapping. Refresh the crosswalk before analytical use.","HUD-USPS-compatible demonstration subset curated 2026-06-02",40.8021,-124.1637
98290,98290,53061,Snohomish County,,,WA,Marine,rural,Rural,1.000,ZIP-to-ZCTA demonstration record,"Rural demonstration record. The simulation scope is the rural-tract county catchment, not a ZIP or city boundary.","HUD-USPS-compatible demonstration subset curated 2026-06-02",47.9274,-122.0982

